[
    {
        "fullname": "jen",
        "username": "jena",
        "email": "jena@gmail.com",
        "password": "jena123",
        "registeredAt": "2025-09-06T14:44:01.002Z"
    },
    {
        "fullname": "oswing",
        "username": "oswing",
        "email": "oswing@gmail.com",
        "password": "oswing123",
        "registeredAt": "2025-09-07T13:12:26.960Z"
    },
    {
        "fullname": "jena",
        "username": "jenalyn",
        "email": "jennylyn.bolambot@csucc.edu.ph",
        "password": "jena123",
        "registeredAt": "2025-10-06T22:04:01.386Z"
    },
    {
        "fullname": "jelyn",
        "username": "jel",
        "email": "jhonlouie.sanrojo@csucc.edu.ph",
        "password": "jelyn123",
        "registeredAt": "2025-10-06T22:17:51.993Z"
    },
    {
        "fullname": "Jena Ytac",
        "username": "jena123",
        "email": "jenalynytac@csucc.edu.ph",
        "password": "coconuttree123",
        "registeredAt": "2025-10-13T03:47:03.611Z"
    },
    {
        "fullname": "Jena",
        "username": "jena1",
        "email": "jenalyn.ytac@csucc.edu.ph",
        "password": "coco12345",
        "registeredAt": "2025-10-13T10:49:58.892Z"
    },
    {
        "fullname": "Jhon Louie Sanrojo",
        "username": "lowi",
        "email": "jhonlouiesanrojo@csucc.edu.ph",
        "password": "lowi123@",
        "registeredAt": "2025-11-04T06:22:18.069Z"
    },
    {
        "fullname": "Lowi",
        "username": "Lowi1",
        "email": "lowi@csucc.edu.ph",
        "password": "Lowi123@",
        "registeredAt": "2025-11-04T06:36:37.474Z"
    },
    {
        "fullname": "Louie",
        "username": "Louie",
        "email": "louie@csucc.edu.ph",
        "password": "Louie123@",
        "registeredAt": "2025-11-04T07:16:11.130Z"
    },
    {
        "fullname": "Corinne",
        "username": "corinnefaith.baslot",
        "email": "corinnefaith.baslot@csucc.edu.ph",
        "password": "louie123",
        "registeredAt": "2025-11-04T07:45:02.652Z"
    },
    {
        "fullname": "Jhon",
        "username": "Jhon",
        "email": "jhon@csucc.edu.ph",
        "password": "Jhon123@",
        "registeredAt": "2025-11-04T07:51:46.869Z"
    },
    {
        "fullname": "Kian",
        "username": "Kian",
        "email": "kian@csucc.edu.ph",
        "password": "Kian123@",
        "registeredAt": "2025-11-04T14:09:09.697Z"
    },
    {
        "fullname": "Jelyn",
        "username": "Jelyn",
        "email": "jelyn@csucc.edu.ph",
        "password": "Jelyn123@",
        "registeredAt": "2025-11-05T05:08:40.402Z"
    },
    {
        "fullname": "Jelyn",
        "username": "Jelyn1",
        "email": "jelynn@csucc.edu.ph",
        "password": "Jelyn123",
        "registeredAt": "2025-11-05T05:17:16.740Z"
    },
    {
        "fullname": "Rica",
        "username": "Rica",
        "email": "ricamae.azumbrado@csucc.edu.ph",
        "password": "Rica1233",
        "registeredAt": "2025-11-05T05:19:12.464Z"
    },
    {
        "fullname": "Rica",
        "username": "Ricaa",
        "email": "rica@csucc.edu.ph",
        "password": "Rica123@",
        "registeredAt": "2025-11-05T05:20:26.085Z"
    },
    {
        "fullname": "Jona",
        "username": "Jona",
        "email": "jona@csucc.edu.ph",
        "password": "Jona1233",
        "registeredAt": "2025-11-05T05:37:54.493Z"
    },
    {
        "fullname": "Jhon",
        "username": "lou",
        "email": "lou@csucc.edu.ph",
        "password": "louie123@",
        "registeredAt": "2025-11-17T06:03:07.981Z"
    },
    {
        "fullname": "Jen",
        "username": "jen",
        "email": "jen@csucc.edu.ph",
        "password": "jen123@",
        "registeredAt": "2025-11-17T06:07:53.826Z"
    },
    {
        "fullname": "Lowi",
        "username": "louie1",
        "email": "louiee@csucc.edu.ph",
        "password": "louie1234",
        "registeredAt": "2025-11-17T07:50:53.746Z"
    },
    {
        "fullname": "Mara",
        "username": "mara",
        "email": "mara@csucc.edu.ph",
        "password": "mara123@",
        "registeredAt": "2025-11-17T08:49:45.998Z"
    },
    {
        "fullname": "Lowi",
        "username": "lowi12",
        "email": "lowi1@csucc.edu.ph",
        "password": "lowi123@",
        "registeredAt": "2025-11-20T06:49:20.551Z"
    },
    {
        "fullname": "Wawa",
        "username": "wawa",
        "email": "wawa@csucc.edu.ph",
        "password": "wawa123@",
        "registeredAt": "2025-11-20T07:29:27.666Z"
    },
    {
        "fullname": "Joel Jan Ytac",
        "username": "joeljan",
        "email": "joeljan@csucc.edu.ph",
        "password": "joeljan123",
        "registeredAt": "2025-11-23T07:24:06.501Z"
    },
    {
        "fullname": "Jena",
        "username": "jena12345",
        "email": "jenalyn@csucc.edu.ph",
        "password": "jena12345",
        "registeredAt": "2025-11-23T09:45:56.958Z"
    },
    {
        "fullname": "Jelyn Mabras",
        "username": "jell_123",
        "email": "jelynmabras@csucc.edu.ph",
        "password": "Jelynnnnn@123",
        "registeredAt": "2025-11-24T13:06:54.427Z"
    },
    {
        "fullname": "Jelyn Mabrasj",
        "username": "jelyn_123",
        "email": "mabra@csucc.edu.ph",
        "password": "Jellyn@123",
        "registeredAt": "2025-11-24T14:24:03.435Z"
    },
    {
        "fullname": "Jelyn Mabrashi",
        "username": "jelly",
        "email": "helly@csucc.edu.ph",
        "password": "Jelyn@123",
        "registeredAt": "2025-11-24T14:46:39.356Z"
    },
    {
        "fullname": "Jelyn Mabras",
        "username": "admin",
        "email": "jelynaxxine@csucc.edu.ph",
        "password": "Jelyn@123",
        "registeredAt": "2025-11-27T07:13:43.581Z"
    },
    {
        "fullname": "BEBE YTAC",
        "username": "bebeytac",
        "email": "tototambot@csucc.edu.ph",
        "password": "bebe123456789",
        "registeredAt": "2025-12-18T16:03:40.977Z"
    }
]